<application>
  <component name="GeneralSettings">
    <option name="autoSaveIfInactive" value="true" />
    <option name="processCloseConfirmation" value="TERMINATE" />
    <option name="showTipsOnStartup" value="false" />
  </component>
  <component name="Registry">
    <entry key="suggest.all.run.configurations.from.context" value="true" />
    <entry key="ide.tooltip.show.with.actions" value="true" />
    <entry key="ide.mac.allowDarkWindowDecorations" value="true" />
  </component>
</application>